{
  "fieldSets": [
    {
      "fields": [
        {
          "dataType": "string",
          "defaultValue": "primary",
          "label": "type",
          "name": "buttonType",
          "type": "select",
          "typeOptions": {
            "validValues": [
              {
                "value": "primary"
              },
              {
                "value": "secondary"
              },
              {
                "value": "link"
              },
              {
                "value": "outline-primary"
              },
              {
                "value": "outline-secondary"
              }
            ]
          }
        },
        {
          "dataType": "string",
          "defaultValue": "nm",
          "label": "size",
          "name": "buttonSize",
          "type": "select",
          "typeOptions": {
            "validValues": [
              {
                "label": "small",
                "value": "sm"
              },
              {
                "label": "normal",
                "value": "nm"
              },
              {
                "label": "large",
                "value": "lg"
              }
            ]
          }
        }
      ],
      "label": "button-options"
    },
    {
      "fields": [
        {
          "dataType": "string",
          "defaultValue": "microservice-lctseuk-prd.lfr.cloud/account/api/v1/ping",
          "label": "endpoint-url",
          "name": "endpointUrl",
          "type": "text"
        }
      ],
      "label": "endpoint-options"
    }
  ]
}
